{
  "cameras": {
    "Camera_Front": {
      "location": [0.0, 0.20000000298023224, 1.7999999523162842],
      "rotation_quaternion_wxyz": [-0.7071068, 0.7071068, 0, 0],
      "fx": 2666.6666666666665,
      "fy": 2666.6666666666665,
      "cx": 960.0,
      "cy": 540.0
    },
    "Camera_Back": {
      "location": [0.0, -0.20000000298023224, 1.7999999523162842],
      "rotation_quaternion_wxyz": [0, 0, -0.7071068, 0.7071068],
      "fx": 2666.6666666666665,
      "fy": 2666.6666666666665,
      "cx": 960.0,
      "cy": 540.0
    },
    "Camera_Right": {
      "location": [0.20000000298023224, 0.0, 1.7999999523162842],
      "rotation_quaternion_wxyz": [0.5, -0.5, 0.5, -0.5],
      "fx": 2666.6666666666665,
      "fy": 2666.6666666666665,
      "cx": 960.0,
      "cy": 540.0
    },
    "Camera_Left": {
      "location": [-0.20000000298023224, 0.0, 1.7999999523162842],
      "rotation_quaternion_wxyz": [0.5, -0.5, -0.5, 0.5],
      "fx": 2666.6666666666665,
      "fy": 2666.6666666666665,
      "cx": 960.0,
      "cy": 540.0
    }
  },
  "objects": {
    "Car_1": {
      "class": "Car",
      "location": [1.529999852180481, 12.869998931884766, 0.75],
      "dimensions": [4.169353008270264, 1.8173516988754272, 1.4508544206619263],
      "rotation_quaternion_wxyz": [
        0.9876883625984192, 0.0, 0.0, 0.15643447637557983
      ]
    },
    "Car_2": {
      "class": "Car",
      "location": [-2.0, 21.76569938659668, 0.75],
      "dimensions": [4.169353008270264, 1.8173515796661377, 1.4508544206619263],
      "rotation_quaternion_wxyz": [
        0.9986295104026794, 0.0, 0.0, -0.0523359589278698
      ]
    },
    "Pedestrian_1": {
      "class": "Pedestrian",
      "location": [4.569838523864746, -12.833833694458008, 0.8999999761581421],
      "dimensions": [0.8854314684867859, 0.9330176711082458, 1.663666009902954],
      "rotation_quaternion_wxyz": [1.0, 0.0, 0.0, 0.0]
    },
    "Pedestrian_2": {
      "class": "Pedestrian",
      "location": [7.744691371917725, -6.966160774230957, 0.8999999761581421],
      "dimensions": [0.931979238986969, 0.8740776181221008, 1.6142719984054565],
      "rotation_quaternion_wxyz": [1.0, 0.0, 0.0, 0.0]
    },
    "Pedestrian_3": {
      "class": "Pedestrian",
      "location": [12.200054168701172, 0.12033462524414062, 0.8999999761581421],
      "dimensions": [
        0.9544916749000549, 0.9660890698432922, 1.7236430644989014
      ],
      "rotation_quaternion_wxyz": [1.0, 0.0, 0.0, 0.0]
    },
    "Pedestrian_5": {
      "class": "Pedestrian",
      "location": [2.1427268981933594, -17.282672882080078, 0.8999999761581421],
      "dimensions": [0.9274283647537231, 0.92695152759552, 1.6697759628295898],
      "rotation_quaternion_wxyz": [1.0, 0.0, 0.0, 0.0]
    },
    "Pedestrian_4": {
      "class": "Pedestrian",
      "location": [11.384692192077637, -2.966160774230957, 0.8999999761581421],
      "dimensions": [0.923242449760437, 0.92695152759552, 1.704775094985962],
      "rotation_quaternion_wxyz": [1.0, 0.0, 0.0, 0.0]
    },
    "Car_3": {
      "class": "Car",
      "location": [-20.208803176879883, -6.473505020141602, 0.75],
      "dimensions": [4.169353008270264, 1.8173515796661377, 1.4508544206619263],
      "rotation_quaternion_wxyz": [
        0.6626200079917908, 0.0, 0.0, -0.7489557266235352
      ]
    },
    "Truck_1": {
      "class": "Truck",
      "location": [-8.280064582824707, 8.349596977233887, 0.75],
      "dimensions": [
        15.959898948669434, 1.8173515796661377, 1.4508544206619263
      ],
      "rotation_quaternion_wxyz": [
        0.9743700623512268, 0.0, 0.0, -0.22495099902153015
      ]
    },
    "Pedestrian_6": {
      "class": "Pedestrian",
      "location": [-26.64761734008789, -1.3691794872283936, 0.8999999761581421],
      "dimensions": [0.9274283647537231, 0.92695152759552, 1.7310168743133545],
      "rotation_quaternion_wxyz": [1.0, 0.0, 0.0, 0.0]
    }
  }
}
