{
  "cameras": {
    "Camera_Front": {
      "location": [0.0, 0.20000000298023224, 1.7999999523162842],
      "rotation_quaternion_wxyz": [-0.7071068, 0.7071068, 0, 0],
      "fx": 2666.6666666666665,
      "fy": 2666.6666666666665,
      "cx": 960.0,
      "cy": 540.0
    },
    "Camera_Back": {
      "location": [0.0, -0.20000000298023224, 1.7999999523162842],
      "rotation_quaternion_wxyz": [0, 0, -0.7071068, 0.7071068],
      "fx": 2666.6666666666665,
      "fy": 2666.6666666666665,
      "cx": 960.0,
      "cy": 540.0
    },
    "Camera_Right": {
      "location": [0.20000000298023224, 0.0, 1.7999999523162842],
      "rotation_quaternion_wxyz": [0.5, -0.5, 0.5, -0.5],
      "fx": 2666.6666666666665,
      "fy": 2666.6666666666665,
      "cx": 960.0,
      "cy": 540.0
    },
    "Camera_Left": {
      "location": [-0.20000000298023224, 0.0, 1.7999999523162842],
      "rotation_quaternion_wxyz": [0.5, -0.5, -0.5, 0.5],
      "fx": 2666.6666666666665,
      "fy": 2666.6666666666665,
      "cx": 960.0,
      "cy": 540.0
    }
  },
  "objects": {
    "Car_1": {
      "class": "Car",
      "location": [-1.1689082384109497, 9.540605545043945, 0.75],
      "dimensions": [4.169353008270264, 1.8173515796661377, 1.4508544206619263],
      "rotation_quaternion_wxyz": [
        0.9667083621025085, 0.0, 0.0, 0.25588077306747437
      ]
    },
    "Car_2": {
      "class": "Car",
      "location": [-6.422738075256348, 17.540084838867188, 0.75],
      "dimensions": [4.169353008270264, 1.8173515796661377, 1.4508544206619263],
      "rotation_quaternion_wxyz": [
        0.998784065246582, 0.0, 0.0, 0.049299199134111404
      ]
    },
    "Pedestrian_1": {
      "class": "Pedestrian",
      "location": [6.999422550201416, -15.019647598266602, 0.8999999761581421],
      "dimensions": [0.8854314684867859, 0.9330176711082458, 1.663666009902954],
      "rotation_quaternion_wxyz": [
        0.9948351383209229, 0.0, 0.0, 0.10150395333766937
      ]
    },
    "Pedestrian_2": {
      "class": "Pedestrian",
      "location": [8.923821449279785, -8.631692886352539, 0.8999999761581421],
      "dimensions": [0.931979238986969, 0.8740776181221008, 1.6142719984054565],
      "rotation_quaternion_wxyz": [
        0.9948351383209229, 0.0, 0.0, 0.10150395333766937
      ]
    },
    "Pedestrian_3": {
      "class": "Pedestrian",
      "location": [11.856192588806152, -0.7914204597473145, 0.8999999761581421],
      "dimensions": [
        0.9544916749000549, 0.9660890698432922, 1.7236430644989014
      ],
      "rotation_quaternion_wxyz": [
        0.9948351383209229, 0.0, 0.0, 0.10150395333766937
      ]
    },
    "Pedestrian_5": {
      "class": "Pedestrian",
      "location": [5.520808696746826, -19.86699104309082, 0.8999999761581421],
      "dimensions": [0.9274283647537231, 0.92695152759552, 1.6697759628295898],
      "rotation_quaternion_wxyz": [
        0.9948351383209229, 0.0, 0.0, 0.10150395333766937
      ]
    },
    "Pedestrian_4": {
      "class": "Pedestrian",
      "location": [11.68097972869873, -3.978985071182251, 0.8999999761581421],
      "dimensions": [0.923242449760437, 0.92695152759552, 1.704775094985962],
      "rotation_quaternion_wxyz": [
        0.9948351383209229, 0.0, 0.0, 0.10150395333766937
      ]
    },
    "Car_3": {
      "class": "Car",
      "location": [-18.55315589904785, -13.794660568237305, 0.75],
      "dimensions": [4.169353008270264, 1.8173516988754272, 1.4508544206619263],
      "rotation_quaternion_wxyz": [
        0.7352196574211121, 0.0, 0.0, -0.6778289079666138
      ]
    },
    "Truck_1": {
      "class": "Truck",
      "location": [-9.863887786865234, 3.1321160793304443, 0.75],
      "dimensions": [15.9598970413208, 1.8173515796661377, 1.4508544206619263],
      "rotation_quaternion_wxyz": [
        0.9921709895133972, 0.0, -0.0, -0.12488672882318497
      ]
    },
    "Pedestrian_6": {
      "class": "Pedestrian",
      "location": [-25.89015769958496, -10.095893859863281, 0.8999999761581421],
      "dimensions": [0.9274283647537231, 0.92695152759552, 1.7310168743133545],
      "rotation_quaternion_wxyz": [
        0.9948351383209229, 0.0, 0.0, 0.10150395333766937
      ]
    }
  }
}
