{
  "cameras": {
    "Camera_Front": {
      "location": [0.0, 0.20000000298023224, 1.7999999523162842],
      "rotation_quaternion_wxyz": [-0.7071068, 0.7071068, 0, 0],
      "fx": 2666.6666666666665,
      "fy": 2666.6666666666665,
      "cx": 960.0,
      "cy": 540.0
    },
    "Camera_Back": {
      "location": [0.0, -0.20000000298023224, 1.7999999523162842],
      "rotation_quaternion_wxyz": [0, 0, -0.7071068, 0.7071068],
      "fx": 2666.6666666666665,
      "fy": 2666.6666666666665,
      "cx": 960.0,
      "cy": 540.0
    },
    "Camera_Right": {
      "location": [0.20000000298023224, 0.0, 1.7999999523162842],
      "rotation_quaternion_wxyz": [0.5, -0.5, 0.5, -0.5],
      "fx": 2666.6666666666665,
      "fy": 2666.6666666666665,
      "cx": 960.0,
      "cy": 540.0
    },
    "Camera_Left": {
      "location": [-0.20000000298023224, 0.0, 1.7999999523162842],
      "rotation_quaternion_wxyz": [0.5, -0.5, -0.5, 0.5],
      "fx": 2666.6666666666665,
      "fy": 2666.6666666666665,
      "cx": 960.0,
      "cy": 540.0
    }
  },
  "objects": {
    "Car_1": {
      "class": "Car",
      "location": [-8.949251174926758, 6.482335090637207, 0.75],
      "dimensions": [4.169353008270264, 1.8173515796661377, 1.4508544206619263],
      "rotation_quaternion_wxyz": [
        0.8828122019767761, 0.0, 0.0, 0.4697261154651642
      ]
    },
    "Car_2": {
      "class": "Car",
      "location": [-17.21045684814453, 11.31419563293457, 0.75],
      "dimensions": [4.169353008270264, 1.8173516988754272, 1.4508544206619263],
      "rotation_quaternion_wxyz": [
        0.961182177066803, 0.0, 0.0, 0.2759145200252533
      ]
    },
    "Pedestrian_1": {
      "class": "Pedestrian",
      "location": [9.281632423400879, -11.89053726196289, 0.8999999761581421],
      "dimensions": [0.8854314684867859, 0.9330176711082458, 1.663666009902954],
      "rotation_quaternion_wxyz": [
        0.9454246759414673, 0.0, 0.0, 0.3258407413959503
      ]
    },
    "Pedestrian_2": {
      "class": "Pedestrian",
      "location": [8.167155265808105, -5.312757968902588, 0.8999999761581421],
      "dimensions": [0.931979238986969, 0.8740776181221008, 1.6142719984054565],
      "rotation_quaternion_wxyz": [
        0.9454246759414673, 0.0, 0.0, 0.3258407413959503
      ]
    },
    "Pedestrian_3": {
      "class": "Pedestrian",
      "location": [7.3103461265563965, 3.013978958129883, 0.8999999761581421],
      "dimensions": [
        0.9544916749000549, 0.9660890698432922, 1.7236430644989014
      ],
      "rotation_quaternion_wxyz": [
        0.9454246759414673, 0.0, 0.0, 0.3258407413959503
      ]
    },
    "Pedestrian_5": {
      "class": "Pedestrian",
      "location": [10.110902786254883, -16.890071868896484, 0.8999999761581421],
      "dimensions": [0.9274283647537231, 0.92695152759552, 1.6697759628295898],
      "rotation_quaternion_wxyz": [
        0.9454246759414673, 0.0, 0.0, 0.3258407413959503
      ]
    },
    "Pedestrian_4": {
      "class": "Pedestrian",
      "location": [8.5697603225708, 0.08052682876586914, 0.8999999761581421],
      "dimensions": [0.923242449760437, 0.92695152759552, 1.704775094985962],
      "rotation_quaternion_wxyz": [
        0.9454246759414673, 0.0, 0.0, 0.3258407413959503
      ]
    },
    "Car_3": {
      "class": "Car",
      "location": [-14.154101371765137, -22.147302627563477, 0.75],
      "dimensions": [4.169353008270264, 1.8173516988754272, 1.4508544206619263],
      "rotation_quaternion_wxyz": [
        0.8704976439476013, 0.0, -0.0, -0.49217259883880615
      ]
    },
    "Truck_1": {
      "class": "Truck",
      "location": [-13.891112327575684, -3.122321605682373, 0.75],
      "dimensions": [15.9598970413208, 1.8173515796661377, 1.4508544206619263],
      "rotation_quaternion_wxyz": [
        0.994491696357727, 0.0, 0.0, 0.1048152968287468
      ]
    },
    "Pedestrian_6": {
      "class": "Pedestrian",
      "location": [-22.370525360107422, -22.09390640258789, 0.8999999761581421],
      "dimensions": [0.9274283647537231, 0.92695152759552, 1.7310168743133545],
      "rotation_quaternion_wxyz": [
        0.9454246759414673, 0.0, 0.0, 0.3258407413959503
      ]
    },
    "Pedestrian_7": {
      "class": "Pedestrian",
      "location": [2.800136089324951, 21.186546325683594, 0.8999999761581421],
      "dimensions": [
        0.9544916749000549, 0.9660890698432922, 1.7236430644989014
      ],
      "rotation_quaternion_wxyz": [
        0.9454246759414673, 0.0, 0.0, 0.3258407413959503
      ]
    }
  }
}
